Title,Alternative Title,Description,Language,Creator,Creator ID,Publisher,Provider,Resource Class,Resource Type,Subject,Theme,Keyword,Temporal Coverage,Date Issued,Date Range,Spatial Coverage,Bounding Box,Geometry,GeoNames,Relation,Member Of,Is Part Of,Source,Version,Replaces,Is Replaced By,Format,File Size,WxS Identifier,Georeferenced,Documentation,Download,FeatureServer,FGDC,Harvard Download,HTML,IIIF,ImageServer,Information,ISO19139,Manifest,MapServer,MODS,oEmbed,Index Map,TileServer,WCS,WFS,WMS,Image,ID,Identifier,Code,Rights,Rights Holder,License,Access Rights,Accrual Method,Accrual Periodicity,Date Accessioned,Date Retired,Status,Publication State,Suppressed,Child Record,Mediator,Access,Created At,Updated At
Allegheny County GIS Open Data,"","Website for finding and accessing open data provided by Allegheny County, Pennsylvania",eng,"","",Pennsylvania--Allegheny County,,Websites,"",County government records,"","",Continually updated resource,,"",Pennsylvania--Allegheny County|Pennsylvania,"-80.36087,40.19434,-79.68876,40.67494","POLYGON((-80.36087 40.67494, -79.68876 40.67494, -79.68876 40.19434, -80.36087 40.19434, -80.36087 40.67494))","","",ba5cc745-21c5-4ae9-954b-72dd8db6815a,"","","","","",ArcGIS Hub,,,false,,,,,,,,,https://openac-alcogis.opendata.arcgis.com,,,,,,,,,,,https://twitter.com/Allegheny_Co/photo,08b-42003,https://openac-alcogis.opendata.arcgis.com/api/feed/dcat-us/1.1.json,08b-42003,"","","",Public,DCAT US 1.1,Monthly,2019|2022-10-27,,Indexed,published,false,false,"",,2021-04-27 18:50:02 UTC,2023-02-14 18:14:01 UTC
Anne Arundel County GIS Data,"","Website for finding and accessing open data provided by Anne Arundel County, Maryland",eng,"","",Maryland--Anne Arundel County,,Websites,"",County government records,"","",Continually updated resource,,"",Maryland--Anne Arundel County|Maryland,"-76.84036,38.71268,-76.3942,39.2374","POLYGON((-76.84036 39.2374, -76.3942 39.2374, -76.3942 38.71268, -76.84036 38.71268, -76.84036 39.2374))","","",ba5cc745-21c5-4ae9-954b-72dd8db6815a,"","","","","",ArcGIS Hub,,,false,,,,,,,,,https://maps.aacounty.org/,,,,,,,,,,,,04b-24003,https://maps.aacounty.org//api/feed/dcat-us/1.1.json,04b-24003,"","","",Public,DCAT US 1.1,Monthly,2019|2022-10-27,,Indexed,published,false,false,"",,2021-04-27 18:49:59 UTC,2023-02-14 18:14:00 UTC
"Ashland County, WI GIS Open Data Portal","","Website for finding and accessing open data provided by Ashland County, Wisconsin",eng,"","",Wisconsin--Ashland County,,Websites,"",County government records,"","",Continually updated resource,,"",Wisconsin--Ashland County|Wisconsin,"-90.9283,45.9805,-89.9571,47.3098","POLYGON((-90.9283 47.3098, -89.9571 47.3098, -89.9571 45.9805, -90.9283 45.9805, -90.9283 47.3098))","","",ba5cc745-21c5-4ae9-954b-72dd8db6815a,"","","","","",ArcGIS Hub,,,false,,,,,,,,,https://data-ashlandcountywi.opendata.arcgis.com,,,,,,,,,,,https://lh3.googleusercontent.com/3Z8vMowDiJ652gU_4Nv88Lv7ENA8i5IWy4OQ2IfAR_-wRBL1d1ljwi5Oo9aCkOdsjuvYJqsEB3CMUcsERBsB-bZhLPkRvl_M691B-dcJzM1EMG7nEswNe4Z3ts1yLvQQESKPqr-ZKb_JA_5IIowAcVqDhXfSY3AJ5O1UlPXWtokmYfkP3nfLSpHmcGc-iVeYkBRqhYs00KacrX207DgcrmQnTUNGOTdFJrGk_4lN_fwwmjx2fBfCWlPrJz0EWyeGmb6DkTADh3TVoUakUV3J7L4kWggVCf_dpfsdW3wSDOuDNbsgLQ9UrqiMffzYq4mhScIfMXNH-ShscjY1OeBZ8sJJn40YXaBecdJwkatvDXnQ_FUooNDlapHCG_axDXnxjXX9v9Ci4oUSbYG9aoDLsDUHID8t2xzkm92cO1PBexWS5qKKdzh-_SoZoqNVpeT6OsfTO3-Bb1qSBZpC17Hr35MZu3Jkav2v-jfMmNB88o5XjzxGeh_kqJr1Gn5KrusJs0ouQXxOTdh1t3pr-3DGcbWQHEKe12DDuI5ir6VMnJdmw34QEYPfeuf6OVIqOQ5co6LopsWXCagJORMM-SWG7_1u8MttMiRicCHfgRlr=s50-no,10b-55003,https://data-ashlandcountywi.opendata.arcgis.com/api/feed/dcat-us/1.1.json,10b-55003,"","","",Public,DCAT US 1.1,Monthly,2021-02-01|2021-08-13,,Indexed,published,false,false,"",,2021-04-26 16:50:55 UTC,2023-02-14 18:14:02 UTC
Athens County GIS Data,"","Website for finding and accessing open data provided by Athens County, Ohio",eng,"","",Ohio--Athens County,,Websites,"",County government records,"","",Continually updated resource,,"",Ohio--Athens County|Ohio,"-82.29848,39.18056,-81.72181,39.55657","POLYGON((-82.29848 39.55657, -81.72181 39.55657, -81.72181 39.18056, -82.29848 39.18056, -82.29848 39.55657))","","",ba5cc745-21c5-4ae9-954b-72dd8db6815a,"","","","","",ArcGIS Hub,,,false,,,,,,,,,https://data-athgis.opendata.arcgis.com,,,,,,,,,,,,11b-39009,https://data-athgis.opendata.arcgis.com/api/feed/dcat-us/1.1.json,11b-39009,"","","",Public,DCAT US 1.1,Monthly,2019|2022-10-27,,Indexed,published,false,false,"",,2021-04-27 18:50:00 UTC,2023-02-14 18:14:03 UTC
Baltimore County Open Data Portal,"","Website for finding and accessing open data provided by Baltimore County, Maryland",eng,"","",Maryland--Baltimore County,"",Websites,"",County government records,"","",Continually updated resource,"","",Maryland--Baltimore County|Maryland,"-76.8956,39.19496,-76.33263,39.7213","POLYGON((-76.8956 39.7213, -76.33263 39.7213, -76.33263 39.19496, -76.8956 39.19496, -76.8956 39.7213))","","",ba5cc745-21c5-4ae9-954b-72dd8db6815a,"","","","","",ArcGIS Hub,"","",false,,,,,,,,,https://opendata.baltimorecountymd.gov,,,,,,,,,,,"",04b-24005,https://opendata.baltimorecountymd.gov/api/feed/dcat-us/1.1.json,04b-24005,"","","",Public,DCAT US 1.1,Monthly,2019|2022-10-27,2023-02-01,Found new site link 2023-03-07; Indexed,published,false,false,"","",2021-04-27 18:49:59 UTC,2023-03-08 00:58:08 UTC
Big Stone County Open Data,"","Website for finding and accessing open data provided by Big Stone County, Minnesota",eng,"","",Minnesota--Big Stone County,,Websites,"",County government records,"","",Continually updated resource,,"",Minnesota--Big Stone County|Minnesota,"-96.83545,45.17668,-96.10361,45.58622","POLYGON((-96.83545 45.58622, -96.10361 45.58622, -96.10361 45.17668, -96.83545 45.17668, -96.83545 45.58622))","","",ba5cc745-21c5-4ae9-954b-72dd8db6815a,"","","","","",ArcGIS Hub,,,false,,,,,,,,,https://data-bigstonecounty.opendata.arcgis.com,,,,,,,,,,,,05b-27011,https://data-bigstonecounty.opendata.arcgis.com/api/feed/dcat-us/1.1.json,05b-27011,"","","",Public,DCAT US 1.1,Monthly,2019|2021-04-26,,Indexed,published,false,false,"",,2021-04-26 17:02:50 UTC,2023-02-14 18:14:00 UTC
Calvert County Open GIS Data Portal,"","Website for finding and accessing open data provided by Calvert County, Maryland",eng,"","",Maryland--Calvert County,,Websites,"",County government records,"","",Continually updated resource,,"",Maryland--Calvert County|Maryland,"-76.70196,38.32171,-76.3819,38.76928","POLYGON((-76.70196 38.76928, -76.3819 38.76928, -76.3819 38.32171, -76.70196 38.32171, -76.70196 38.76928))","","",ba5cc745-21c5-4ae9-954b-72dd8db6815a,"","","","","",ArcGIS Hub,,,false,,,,,,,,,https://calvert-county-open-data-calvertgis.hub.arcgis.com,,,,,,,,,,,,04b-24009,https://calvert-county-open-data-calvertgis.hub.arcgis.com/api/feed/dcat-us/1.1.json,04b-24009,"","","",Public,DCAT US 1.1,Monthly,2019|2022-07-26,,Indexed,published,false,false,"",,2021-04-27 18:49:59 UTC,2023-02-14 18:14:00 UTC
Capital Area Open Data Portal,"",Website for finding and accessing open data provided by The Capital Area Regional Planning Commission,eng,The Capital Area Regional Planning Commission,"",Wisconsin--Dane County,,Websites,"",Intergovernment records,"","",Continually updated resource,,"",Wisconsin--Dane County|Wisconsin,"-89.5667,42.9981,-89.2465,43.1721","POLYGON((-89.5667 43.1721, -89.2465 43.1721, -89.2465 42.9981, -89.5667 42.9981, -89.5667 43.1721))","","",ba5cc745-21c5-4ae9-954b-72dd8db6815a,"","","","","",ArcGIS Hub,,,false,,,,,,,,,https://data-carpc.opendata.arcgis.com,,,,,,,,,,,https://www.arcgis.com/sharing/rest/content/items/e2de4f5a82ce43199c1a96491d99fcd8/resources/RPC_Web_RGB_Horizontal.jpg?v=1611983481215,10b-55025-01,https://data-carpc.opendata.arcgis.com/api/feed/dcat-us/1.1.json,10b-55025,"","","",Public,DCAT US 1.1,Monthly,2021-02-01|2021-04-26,,Indexed,published,false,false,"",,2021-04-26 16:54:05 UTC,2023-02-14 18:14:02 UTC
Carroll County GIS Open Data,"","Website for finding and accessing open data provided by Carroll County, Maryland",eng,"","",Maryland--Carroll County,,Websites,"",County government records,"","",Continually updated resource,,"",Maryland--Carroll County|Maryland,"-77.31156,39.34846,-76.7871,39.7208","POLYGON((-77.31156 39.7208, -76.7871 39.7208, -76.7871 39.34846, -77.31156 39.34846, -77.31156 39.7208))","","",ba5cc745-21c5-4ae9-954b-72dd8db6815a,"","","","","",ArcGIS Hub,,,false,,,,,,,,,https://data-carrollco-md.opendata.arcgis.com,,,,,,,,,,,,04b-24013,https://data-carrollco-md.opendata.arcgis.com/api/feed/dcat-us/1.1.json,04b-24013,"","","",Public,DCAT US 1.1,Monthly,2019|2021-04-27,,Indexed,published,false,false,"",,2021-04-27 18:50:00 UTC,2023-02-14 18:14:00 UTC
Carver County GIS Data,"","Website for finding and accessing open data provided by Carver County, Minnesota",eng,"","",Minnesota--Carver County,,Websites,"",County government records,"","",Continually updated resource,,"",Minnesota--Carver County|Minnesota,"-94.0125,44.63456,-93.52043,44.97871","POLYGON((-94.0125 44.97871, -93.52043 44.97871, -93.52043 44.63456, -94.0125 44.63456, -94.0125 44.97871))","","",ba5cc745-21c5-4ae9-954b-72dd8db6815a,"","","","","",ArcGIS Hub,,,false,,,,,,,,,http://data-carver.opendata.arcgis.com,,,,,,,,,,,,05b-27019,http://data-carver.opendata.arcgis.com/api/feed/dcat-us/1.1.json,05b-27019,"","","",Public,DCAT US 1.1,Monthly,2019|2022-06-16,,Indexed,published,false,false,"",,2021-04-26 17:02:50 UTC,2023-02-14 18:14:00 UTC
Centre County Open Data,"","Website for finding and accessing open data provided by Centre County, Pennsylvania",eng,"","",Pennsylvania--Centre County,,Websites,"",County government records,"","",Continually updated resource,,"",Pennsylvania--Centre County|Pennsylvania,"-78.37699,40.69156,-77.1438,41.25275","POLYGON((-78.37699 41.25275, -77.1438 41.25275, -77.1438 40.69156, -78.37699 40.69156, -78.37699 41.25275))","","",ba5cc745-21c5-4ae9-954b-72dd8db6815a,"","","","","",ArcGIS Hub,,,false,,,,,,,,,http://gisdata-centrecountygov.opendata.arcgis.com,,,,,,,,,,,,08b-42027,http://gisdata-centrecountygov.opendata.arcgis.com/api/feed/dcat-us/1.1.json,08b-42027,"","","",Public,DCAT US 1.1,Monthly,2019|2022-10-27,,Indexed,published,false,false,"",,2021-04-27 18:50:02 UTC,2023-02-14 18:14:02 UTC
Chester County GIS Data,"","Website for finding and accessing open data provided by Chester County, Pennsylvania",eng,"","",Pennsylvania--Chester County,,Websites,"",County government records,"","",Continually updated resource,,"",Pennsylvania--Chester County|Pennsylvania,"-76.13667,39.72115,-75.36104,40.24513","POLYGON((-76.13667 40.24513, -75.36104 40.24513, -75.36104 39.72115, -76.13667 39.72115, -76.13667 40.24513))","","",ba5cc745-21c5-4ae9-954b-72dd8db6815a,"","","","","",ArcGIS Hub,,,false,,,,,,,,,https://chester-county-s-gis-hub-chesco.hub.arcgis.com,,,,,,,,,,,,08b-42029,https://chester-county-s-gis-hub-chesco.hub.arcgis.com/api/feed/dcat-us/1.1.json,08b-42029,"","","",Public,DCAT US 1.1,Monthly,2019|2022-07-26,2023-02-02,Indexed,published,false,false,"",,2021-04-27 18:50:02 UTC,2023-02-14 18:14:02 UTC
Chippewa County Open GIS Data,"","Website for finding and accessing open data provided by Chippewa County, Minnesota",eng,"","",Minnesota--Chippewa County,,Websites,"",County government records,"","",Continually updated resource,,"",Minnesota--Chippewa County|Minnesota,"-96.03699,44.75067,-95.24649,45.15273","POLYGON((-96.03699 45.15273, -95.24649 45.15273, -95.24649 44.75067, -96.03699 44.75067, -96.03699 45.15273))","","",ba5cc745-21c5-4ae9-954b-72dd8db6815a,"","","","","",ArcGIS Hub,,,false,,,,,,,,,https://data-chippewa.opendata.arcgis.com,,,,,,,,,,,,05b-27023,https://data-chippewa.opendata.arcgis.com/api/feed/dcat-us/1.1.json,05b-27023,"","","",Public,DCAT US 1.1,Monthly,2021-02-23|2022-04-24,,Indexed,published,false,false,"",,2021-04-26 17:02:51 UTC,2023-02-14 18:14:01 UTC
City of Grand Island Public GIS Data Portal,"","Website for finding and accessing open data provided by the City of Grand Island, Nebraska",eng,"","",Nebraska--Grand Island,,Websites,"",Municipal government records,"","",Continually updated resource,,"",Nebraska--Grand Island|Nebraska,"-98.431455,40.854992,-98.288213,40.988881","POLYGON((-98.431455 40.988881, -98.288213 40.988881, -98.288213 40.854992, -98.431455 40.854992, -98.431455 40.988881))","","",ba5cc745-21c5-4ae9-954b-72dd8db6815a,"","","","","",ArcGIS Hub,,,false,,,,,,,,,https://data-cityofgi.opendata.arcgis.com,,,,,,,,,,,https://pbs.twimg.com/profile_images/963165537164345344/J7hb8lAn_400x400.jpg,13c-02,https://data-cityofgi.opendata.arcgis.com/api/feed/dcat-us/1.1.json,13c-02,"","","",Public,DCAT US 1.1,Monthly,2020-01-14|2022-10-27,,Indexed,published,false,false,"",,2021-04-27 18:00:53 UTC,2023-02-14 18:14:04 UTC
"City of Madison, WI GIS Open Data Portal","","Website for finding and accessing open data provided by the City of Madison, Wisconsin",eng,"","",Wisconsin--Madison,,Websites,"",Municipal government records,"","",Continually updated resource,,"",Wisconsin--Madison|Wisconsin,"-89.5667,42.9981,-89.2465,43.1721","POLYGON((-89.5667 43.1721, -89.2465 43.1721, -89.2465 42.9981, -89.5667 42.9981, -89.5667 43.1721))","","",ba5cc745-21c5-4ae9-954b-72dd8db6815a,"","","","","",ArcGIS Hub,,,false,,,,,,,,,https://data-cityofmadison.opendata.arcgis.com,,,,,,,,,,,,10c-03,https://data-cityofmadison.opendata.arcgis.com/api/feed/dcat-us/1.1.json,10c-03,"","","",Public,DCAT US 1.1,Monthly,2021-02-01|2022-10-27,,Indexed,published,false,false,"",,2021-04-26 16:51:07 UTC,2023-02-14 18:14:03 UTC
City of Saint Paul GIS Data,"","Website for finding and accessing open data provided by the City of Saint Paul, Minnesota",eng,"","",Minnesota--Saint Paul,,Websites,"",Municipal government records,"","",Continually updated resource,,"",Minnesota--Saint Paul|Minnesota,"-93.207787,44.887281,-93.00432,44.992016","POLYGON((-93.207787 44.992016, -93.00432 44.992016, -93.00432 44.887281, -93.207787 44.887281, -93.207787 44.992016))","","",ba5cc745-21c5-4ae9-954b-72dd8db6815a,"","","","","",ArcGIS Hub,,,false,,,,,,,,,https://information.stpaul.gov,,,,,,,,,,,,05c-02,https://information.stpaul.gov/api/feed/dcat-us/1.1.json,05c-02,"","","",Public,DCAT US 1.1,Monthly,2019|2021-04-26|2021-04-26,,Indexed,published,false,false,"",,2021-04-26 17:02:51 UTC,2023-02-14 18:14:01 UTC
Clay County Open Data,"","Website for finding and accessing open data provided by Clay County, Minnesota",eng,"","",Minnesota--Clay County,,Websites,"",County government records,"","",Continually updated resource,,"",Minnesota--Clay County|Minnesota,"-96.84012,46.62865,-96.17227,47.15144","POLYGON((-96.84012 47.15144, -96.17227 47.15144, -96.17227 46.62865, -96.84012 46.62865, -96.84012 47.15144))","","",ba5cc745-21c5-4ae9-954b-72dd8db6815a,"","","","","",ArcGIS Hub,,,false,,,,,,,,,https://data-claycountymn.opendata.arcgis.com,,,,,,,,,,,,05b-27027,https://data-claycountymn.opendata.arcgis.com/api/feed/dcat-us/1.1.json,05b-27027,"","","",Public,DCAT US 1.1,Monthly,2019|2022-09-26,,Indexed,published,false,false,"",,2021-04-26 17:02:51 UTC,2023-02-14 18:14:01 UTC
Cook Central,"","Website for finding and accessing open data provided by Cook County, Illinois",eng,"","",Illinois--Cook County,,Websites,"",County government records,"","",Continually updated resource,,"",Illinois--Cook County|Illinois,"-88.263,41.4697,-87.5233,42.1545","POLYGON((-88.263 42.1545, -87.5233 42.1545, -87.5233 41.4697, -88.263 41.4697, -88.263 42.1545))","","",ba5cc745-21c5-4ae9-954b-72dd8db6815a,"","","","","",ArcGIS Hub,,,false,,,,,,,,,https://hub-cookcountyil.opendata.arcgis.com,,,,,,,,,,,,12b-17031,https://hub-cookcountyil.opendata.arcgis.com/api/feed/dcat-us/1.1.json,12b-17031,"","","",Public,DCAT US 1.1,Monthly,2020-05-14|2022-10-27,,Indexed,published,false,false,"",,2021-04-27 18:49:59 UTC,2023-02-14 18:14:03 UTC
Crawford County Open Data,"","Website for finding and accessing open data provided by Crawford County, Pennsylvania",eng,"","",Pennsylvania--Crawford County,,Websites,"",County government records,"","",Continually updated resource,,"",Pennsylvania--Crawford County|Pennsylvania,"-80.51944,41.4804,-79.61207,41.85152","POLYGON((-80.51944 41.85152, -79.61207 41.85152, -79.61207 41.4804, -80.51944 41.4804, -80.51944 41.85152))","","",ba5cc745-21c5-4ae9-954b-72dd8db6815a,"","","","","",ArcGIS Hub,,,false,,,,,,,,,https://share-open-data-crawfordcountypa.opendata.arcgis.com,,,,,,,,,,,,08b-42039,https://share-open-data-crawfordcountypa.opendata.arcgis.com/api/feed/dcat-us/1.1.json,08b-42039,"","","",Public,DCAT US 1.1,Monthly,2019|2022-07-26,,Indexed,published,false,false,"",,2021-04-27 18:50:02 UTC,2023-02-14 18:14:02 UTC
Cuyahoga County Open Data,"","Website for finding and accessing open data provided by Cuyahoga County, Ohio",eng,"","",Ohio--Cuyahoga County,,Websites,"",County government records,"","",Continually updated resource,,"",Ohio--Cuyahoga County|Ohio,"-81.97126,41.27504,-81.37477,41.63964","POLYGON((-81.97126 41.63964, -81.37477 41.63964, -81.37477 41.27504, -81.97126 41.27504, -81.97126 41.63964))","","",ba5cc745-21c5-4ae9-954b-72dd8db6815a,"","","","","",ArcGIS Hub,,,false,,,,,,,,,https://data-cuyahoga.opendata.arcgis.com,,,,,,,,,,,,11b-39035,https://data-cuyahoga.opendata.arcgis.com/api/feed/dcat-us/1.1.json,11b-39035,"","","",Public,DCAT US 1.1,Monthly,2019|2022-10-27,,Indexed,published,false,false,"",,2021-04-27 18:50:00 UTC,2023-02-14 18:14:03 UTC
Dauphin County GIS Data Portal,"","Website for finding and accessing open data provided by Dauphin County, Pennsylvania",eng,"","",Pennsylvania--Dauphin County,,Websites,"",County government records,"","",Continually updated resource,,"",Pennsylvania--Dauphin County|Pennsylvania,"-77.02934,40.12007,-76.53541,40.6596","POLYGON((-77.02934 40.6596, -76.53541 40.6596, -76.53541 40.12007, -77.02934 40.12007, -77.02934 40.6596))","","",ba5cc745-21c5-4ae9-954b-72dd8db6815a,"","","","","",ArcGIS Hub,,,false,,,,,,,,,https://data-dauphinco.opendata.arcgis.com,,,,,,,,,,,,08b-42043,https://data-dauphinco.opendata.arcgis.com/api/feed/dcat-us/1.1.json,08b-42043,"","","",Public,DCAT US 1.1,Monthly,2019|2021-04-27,,Indexed,published,false,false,"",,2021-04-27 18:50:02 UTC,2023-02-14 18:14:02 UTC
Delaware County GIS,"","Website for finding and accessing open data provided by Delaware County, Ohio",eng,"","",Ohio--Delaware County,,Websites,"",County government records,"","",Continually updated resource,,"",Ohio--Delaware County|Ohio,"-83.24963,40.12586,-82.74493,40.44399","POLYGON((-83.24963 40.44399, -82.74493 40.44399, -82.74493 40.12586, -83.24963 40.12586, -83.24963 40.44399))","","",ba5cc745-21c5-4ae9-954b-72dd8db6815a,"","","","","",ArcGIS Hub,,,false,,,,,,,,,https://gisdata-delco.hub.arcgis.com,,,,,,,,,,,,11b-39041,https://gisdata-delco.hub.arcgis.com/api/feed/dcat-us/1.1.json,11b-39041,"","","",Public,DCAT US 1.1,Monthly,2019|2021-04-27,,Indexed,published,false,false,"",,2021-04-27 18:50:01 UTC,2023-02-14 18:14:03 UTC
Delaware Valley Regional Planning Commission (DVRPC),"",Website for finding and accessing open data provided by Delaware Valley Regional Planning Commission,eng,Delaware Valley Regional Planning Commission,"",Pennsylvania,,Websites,"",Intergovernment records,"","",Continually updated resource,,"",Pennsylvania,"-77.13743,38.82985,-73.97125,41.09441","POLYGON((-77.13743 41.09441, -73.97125 41.09441, -73.97125 38.82985, -77.13743 38.82985, -77.13743 41.09441))","","",ba5cc745-21c5-4ae9-954b-72dd8db6815a,"","","","","",ArcGIS Hub,,,false,,,,,,,,,https://dvrpc-dvrpcgis.opendata.arcgis.com,,,,,,,,,,,,04f-01,https://dvrpc-dvrpcgis.opendata.arcgis.com/api/feed/dcat-us/1.1.json,04f-01,"","","",Public,DCAT US 1.1,Monthly,2019|2022-10-27,,Indexed,published,false,false,"",,2021-04-27 18:50:03 UTC,2023-02-14 18:14:00 UTC
Detroit Open Data,"","Website for finding and accessing open data provided by the City of Detroit, Michigan",eng,"","",Michigan--Detroit,,Websites,"",Municipal government records,"","",Continually updated resource,,"",Michigan--Detroit|Michigan,"-83.287959,42.255192,-82.910439,42.450232","POLYGON((-83.287959 42.450232, -82.910439 42.450232, -82.910439 42.255192, -83.287959 42.255192, -83.287959 42.450232))","","",ba5cc745-21c5-4ae9-954b-72dd8db6815a,"","","","","",ArcGIS Hub,,,false,,,,,,,,,https://data.detroitmi.gov,,,,,,,,,,,,07c-01,https://data.detroitmi.gov/api/feed/dcat-us/1.1.json,07c-01,"","","",Public,DCAT US 1.1,Monthly,2019|2021-04-27|2022-10-27,,Indexed,published,false,false,"",,2021-04-27 18:50:02 UTC,2023-02-14 18:14:01 UTC
"Discover Dane County, WI","","Website for finding and accessing open data provided by Dane County, Wisconsin",eng,"","",Wisconsin--Dane County,,Websites,"",County government records,"","",Continually updated resource,,"",Wisconsin--Dane County|Wisconsin,"-89.5667,42.9981,-89.2465,43.1721","POLYGON((-89.5667 43.1721, -89.2465 43.1721, -89.2465 42.9981, -89.5667 42.9981, -89.5667 43.1721))","","",ba5cc745-21c5-4ae9-954b-72dd8db6815a,"","","","","",ArcGIS Hub,,,false,,,,,,,,,https://gis-countyofdane.opendata.arcgis.com,,,,,,,,,,,https://lio.countyofdane.com/documents/images/lio-logo-50.png,10b-55025,https://gis-countyofdane.opendata.arcgis.com/api/feed/dcat-us/1.1.json,10b-55025,"","","",Public,DCAT US 1.1,Monthly,2021-02-01|2022-04-04,,Indexed,published,false,false,"",,2021-04-26 16:51:13 UTC,2023-02-14 18:14:02 UTC
DuPage County GIS,"","Website for finding and accessing open data provided by DuPage County, Illinois",eng,"","",Illinois--DuPage County,,Websites,"",County government records,"","",Continually updated resource,,"",Illinois--DuPage County|Illinois,"-88.26318,41.68534,-87.91426,41.99403","POLYGON((-88.26318 41.99403, -87.91426 41.99403, -87.91426 41.68534, -88.26318 41.68534, -88.26318 41.99403))","","",ba5cc745-21c5-4ae9-954b-72dd8db6815a,"","","","","",ArcGIS Hub,,,false,,,,,,,,,https://gisdata-dupage.opendata.arcgis.com,,,,,,,,,,,,12b-17043,https://gisdata-dupage.opendata.arcgis.com/api/feed/dcat-us/1.1.json,12b-17043,"","","",Public,DCAT US 1.1,Monthly,2019|2022-10-27,,Indexed,published,false,false,"",,2021-04-27 18:49:59 UTC,2023-02-14 18:14:03 UTC
Eau Claire County Geospatial Hub,"","Website for finding and accessing open data provided by Eau Claire County, Wisconsin",eng,"","",Wisconsin--Eau Claire County,,Websites,"",County government records,"","",Continually updated resource,,"",Wisconsin--Eau Claire County|Wisconsin,"-91.5948,44.7561,-91.3679,44.8792","POLYGON((-91.5948 44.8792, -91.3679 44.8792, -91.3679 44.7561, -91.5948 44.7561, -91.5948 44.8792))","","",ba5cc745-21c5-4ae9-954b-72dd8db6815a,"","","","","",ArcGIS Hub,,,false,,,,,,,,,https://hub-eccounty.hub.arcgis.com,,,,,,,,,,,https://www.arcgis.com/sharing/rest/content/items/815dd2d8a4434dc3b455ba4dcc7639ed/resources/eauclairecountywi-logo.png?v=1611986122727,10b-55035-01,https://hub-eccounty.hub.arcgis.com/api/feed/dcat-us/1.1.json,10b-55035,"","","",Public,DCAT US 1.1,Monthly,2021-02-01|2022-10-27,,Indexed,published,false,false,"",,2021-04-26 16:51:14 UTC,2023-02-14 18:14:02 UTC
"Evansville, Vanderburgh County, Indiana Open Data Collection","","Website for finding and accessing open data provided by the city of Evansville & Vanderburgh County, Indiana",eng,"","",Indiana--Evansville,,Websites,"",Municipal government records|County government records,"","",Continually updated resource,,"",Indiana--Evansville|Indiana-Vanderburgh County|Indiana,"-87.70076,37.82606,-87.44941,38.16842","POLYGON((-87.70076 38.16842, -87.44941 38.16842, -87.44941 37.82606, -87.70076 37.82606, -87.70076 38.16842))","","",ba5cc745-21c5-4ae9-954b-72dd8db6815a,"","","","","",ArcGIS Hub,,,false,,,,,,,,,https://dev-evansvilleapc.opendata.arcgis.com,,,,,,,,,,,,01b-18163,https://dev-evansvilleapc.opendata.arcgis.com/api/feed/dcat-us/1.1.json,01b-18163,"","","",Public,DCAT US 1.1,Monthly,2020|2022-07-26,,Indexed,published,false,false,"",,2021-04-27 15:43:06 UTC,2023-02-14 18:13:59 UTC
"Franklin County Auditor, Ohio Open Data","","Website for finding and accessing open data provided by Franklin County, Ohio",eng,"","",Ohio--Franklin County,,Websites,"",County government records,"","",Continually updated resource,,"",Ohio--Franklin County|Ohio,"-83.26088,39.795,-82.76183,40.14309","POLYGON((-83.26088 40.14309, -82.76183 40.14309, -82.76183 39.795, -83.26088 39.795, -83.26088 40.14309))","","",ba5cc745-21c5-4ae9-954b-72dd8db6815a,"","","","","",ArcGIS Hub,,,false,,,,,,,,,https://auditor-fca.opendata.arcgis.com,,,,,,,,,,,,11b-39049,https://auditor-fca.opendata.arcgis.com/api/feed/dcat-us/1.1.json,11b-39049,"","","",Public,DCAT US 1.1,Monthly,2019|2022-06-16,,Indexed,published,false,false,"",,2021-04-27 18:50:01 UTC,2023-02-14 18:14:03 UTC
Frederick County Open Data,"","Website for finding and accessing open data provided by Frederick County, Maryland",eng,"","",Maryland--Frederick County,,Websites,"",County government records,"","",Continually updated resource,,"",Maryland--Frederick County|Maryland,"-77.67716,39.22027,-77.10672,39.72005","POLYGON((-77.67716 39.72005, -77.10672 39.72005, -77.10672 39.22027, -77.67716 39.22027, -77.67716 39.72005))","","",ba5cc745-21c5-4ae9-954b-72dd8db6815a,"","","","","",ArcGIS Hub,,,false,,,,,,,,,https://gis-fcgmd.opendata.arcgis.com,,,,,,,,,,,,04b-24021,https://gis-fcgmd.opendata.arcgis.com/api/feed/dcat-us/1.1.json,04b-24021,"","","",Public,DCAT US 1.1,Monthly,2021|2022-07-26,,Indexed,published,false,false,"",,2021-04-27 18:50:00 UTC,2023-02-14 18:14:00 UTC
"Geodata Hub of Vilas County, WI","","Website for finding and accessing open data provided by Vilas County, Wisconsin",eng,"","",Wisconsin--Vilas County,,Websites,"",County government records,"","",Continually updated resource,,"",Wisconsin--Vilas County|Wisconsin,"-89.152,46.119,-89.0627,46.1629","POLYGON((-89.152 46.1629, -89.0627 46.1629, -89.0627 46.119, -89.152 46.119, -89.152 46.1629))","","",ba5cc745-21c5-4ae9-954b-72dd8db6815a,"","","","","",ArcGIS Hub,,,false,,,,,,,,,https://data-vilas.opendata.arcgis.com,,,,,,,,,,,,10b-55125-01,https://data-vilas.opendata.arcgis.com/api/feed/dcat-us/1.1.json,10b-55125,"","","",Public,DCAT US 1.1,Monthly,2021-02-01|2021-04-26,,Indexed,published,false,false,"",,2021-04-26 16:51:23 UTC,2023-02-14 18:14:03 UTC
GEOhio Spatial Data Discovery Portal,"","The GEOhio Spatial Data Discovery Portal is an Open Data Platform maintained by the Ohio Geographically Referenced Information Program to provide access to Ohio's Spatial Data Infrastructure in the form of hosted map, image, and feature services. GEOhio also provides links to other government mapping resources that support State Agency GIS activities as well as spatial data download applications.",eng,Ohio Geographically Referenced Information Program,"",Ohio,,Websites,"",State government records|County government records|Municipal government records,"","",Continually updated resource,,"",Ohio,"-84.82,38.4,-80.52,42.32","POLYGON((-84.82 42.32, -80.52 42.32, -80.52 38.4, -84.82 38.4, -84.82 42.32))","","",ba5cc745-21c5-4ae9-954b-72dd8db6815a,"","","","","",ArcGIS Hub,,,false,,,,,,,,,https://ogrip-geohio.opendata.arcgis.com,,,,,,,,,,,,11a-01,https://ogrip-geohio.opendata.arcgis.com/api/feed/dcat-us/1.1.json,11a-01,"","","",Public,DCAT US 1.1,Monthly,2019|2022-10-27,,Indexed,published,false,false,"",,2021-04-27 18:50:03 UTC,2023-02-14 18:14:03 UTC
Grant County Open Data Hub,"","Website for finding and accessing open data provided by Grant County, Minnesota",eng,"","",Minnesota--Grant County,,Websites,"",County government records,"","",Continually updated resource,,"",Minnesota--Grant County|Minnesota,"-96.26648,45.75944,-95.75838,46.10863","POLYGON((-96.26648 46.10863, -95.75838 46.10863, -95.75838 45.75944, -96.26648 45.75944, -96.26648 46.10863))","","",ba5cc745-21c5-4ae9-954b-72dd8db6815a,"","","","","",ArcGIS Hub,,,false,,,,,,,,,https://hub-co-grant-mn-us.hub.arcgis.com,,,,,,,,,,,,05b-27051,https://hub-co-grant-mn-us.hub.arcgis.com/api/feed/dcat-us/1.1.json,05b-27051,"","","",Public,DCAT US 1.1,Monthly,"",,Indexed,published,false,false,"",,2021-04-26 17:02:51 UTC,2023-02-14 18:14:01 UTC
Harford County Planning and Zoning Open GIS,"","Website for finding and accessing open data provided by Harford County, Maryland",eng,"","",Maryland--Harford County,"",Websites,"",County government records,"","",Continually updated resource,"","",Maryland--Harford County|Maryland,"-76.56947,39.31061,-76.06509,39.7215","POLYGON((-76.56947 39.7215, -76.06509 39.7215, -76.06509 39.31061, -76.56947 39.31061, -76.56947 39.7215))","","",ba5cc745-21c5-4ae9-954b-72dd8db6815a,"","","","","",ArcGIS Hub,"","",false,,,,,,,,,https://harford-county-gis-hub-harfordgis.hub.arcgis.com,,,,,,,,,,,"",04b-24025,https://harford-county-gis-hub-harfordgis.hub.arcgis.com/api/feed/dcat-us/1.1.json,04b-24025,"","","",Public,DCAT US 1.1,Monthly,2019|2022-10-27,2023-02-01,Indexed,published,false,false,"","",2021-04-27 18:50:00 UTC,2023-03-08 00:57:24 UTC
Hennepin County GIS Data,"","Website for finding and accessing open data provided by Hennepin County, Minnesota",eng,"","",Minnesota--Hennepin County,,Websites,"",County government records,"","",Continually updated resource,,"",Minnesota--Hennepin County|Minnesota,"-93.7678,44.7853,-93.1772,45.24662","POLYGON((-93.7678 45.24662, -93.1772 45.24662, -93.1772 44.7853, -93.7678 44.7853, -93.7678 45.24662))","","",ba5cc745-21c5-4ae9-954b-72dd8db6815a,"","","","","",ArcGIS Hub,,,false,,,,,,,,,https://gis-hennepin.hub.arcgis.com,,,,,,,,,,,,05b-27053,https://gis-hennepin.hub.arcgis.com/api/feed/dcat-us/1.1.json,05b-27053,"","","",Public,DCAT US 1.1,Monthly,2019|2021-10-25,,Indexed,published,false,false,"",,2021-04-26 17:02:51 UTC,2023-02-14 18:14:01 UTC
HUD-eGIS Geospatial Data Storefront,"","The HUD-eGIS Storefront provides a one-stop shop where users can search for and discover HUD's geospatial datasets, web-based mapping tools, and application programming interfaces (APIs). By providing convenient access to a broad range of information the HUD-eGIS Storefront empowers citizens and organizations to engage in the data-driven decision making efforts that affect their communities.",eng,U.S. Department of Housing and Urban Development,"","",,Websites,"",Federal government records,"",DEIA,Continually updated resource,,"",United States,"-179.148909,18.910361,179.778470,71.365162","MULTIPOLYGON(((-178.44 28.52, -154.76 28.52, -154.76 18.86, -178.44 18.86, -178.44 28.52)),((-125.11 49.19, -66.66 49.19, -66.66 24.82, -125.11 24.82, -125.11 49.19)),((-179.3 51.1, -129.9 51.1, -129.9 71.5, -179.3 71.5, -179.3 51.1)),((172.3 51.2, 179.9 51.2, 179.9 53.1, 172.3 53.1, 172.3 51.2)))","","",ba5cc745-21c5-4ae9-954b-72dd8db6815a,"","","","","",ArcGIS Hub,,,false,,,,,,,,,https://hudgis-hud.opendata.arcgis.com,,,,,,,,,,,,1000-0001,https://hudgis-hud.opendata.arcgis.com/api/feed/dcat-us/1.1.json,1000-0001,"","","",Public,DCAT US 1.1,None,"",,Indexed,published,false,false,"",,2022-11-03 02:13:21 UTC,2023-02-14 18:14:02 UTC
IndianaMap ,"","IndianaMap is a strategic resource providing a collection of authoritative data and web services.  It is an organized effort of partners throughout Indiana, involving local, state, and federal agencies, private sector and academia.",eng,"","",Indiana,,Websites,"",State government records,"","",Continually updated resource,,"",Indiana,,,"","",ba5cc745-21c5-4ae9-954b-72dd8db6815a,"","","","","",ArcGIS Hub,,,false,,,,,,,,,https://www.indianamap.org,,,,,,,,,,,,09a-04,https://www.indianamap.org/api/feed/dcat-us/1.1.json,09a-04,"","","",Public,DCAT US 1.1,Monthly,"",,Indexed,published,false,false,"",,2023-01-26 17:50:11 UTC,2023-02-14 18:14:02 UTC
Iowa Geodata,"",Website for finding and accessing open data provided by the state of Iowa,eng,"","",Iowa,,Websites,"",State government records,"","",Continually updated resource,,"",Iowa,"-96.6397,40.3756,-90.1401,43.5011","POLYGON((-96.6397 43.5011, -90.1401 43.5011, -90.1401 40.3756, -96.6397 40.3756, -96.6397 43.5011))","","",ba5cc745-21c5-4ae9-954b-72dd8db6815a,"","","","","",ArcGIS Hub,,,false,,,,,,,,,https://geodata.iowa.gov,,,,,,,,,,,,03a-03,https://geodata.iowa.gov/api/feed/dcat-us/1.1.json,03a-03,"","","",Public,DCAT US 1.1,Monthly,2019|2022-06-16,,Indexed,published,false,false,"",,2022-01-31 16:20:41 UTC,2023-02-14 18:14:00 UTC
IowaDOT Open Data,"",Website for finding and accessing open data provided by Iowa Department of Transportation,eng,Iowa Department of Transportation,"",Iowa,"",Websites,"",State government records,"","",Continually updated resource,"","",Iowa,"-96.63948,40.37544,-90.14006,43.5012","POLYGON((-96.63948 43.5012, -90.14006 43.5012, -90.14006 40.37544, -96.63948 40.37544, -96.63948 43.5012))","","",ba5cc745-21c5-4ae9-954b-72dd8db6815a,"","","","","",ArcGIS Hub,"","",false,,,,,,,,,https://public-iowadot.opendata.arcgis.com,,,,,,,,,,,"",03a-02,https://public-iowadot.opendata.arcgis.com/api/feed/dcat-us/1.1.json,03a-02,"","","",Public,DCAT US 1.1,Monthly,2021-04-26|2022-06-16,"",Indexed,published,false,false,"","",2022-04-14 19:32:37 UTC,2023-03-08 01:43:05 UTC
"Kenosha County, WI GIS Open Data Portal","","Website for finding and accessing open data provided by Kenosha County, Wisconsin",eng,"","",Wisconsin--Kenosha County,,Websites,"",County government records,"","",Continually updated resource,,"",Wisconsin--Kenosha County|Wisconsin,"-87.997,42.5389,-87.8074,42.6394","POLYGON((-87.997 42.6394, -87.8074 42.6394, -87.8074 42.5389, -87.997 42.5389, -87.997 42.6394))","","",ba5cc745-21c5-4ae9-954b-72dd8db6815a,"","","","","",ArcGIS Hub,,,false,,,,,,,,,https://dataportal.kenoshacounty.org,,,,,,,,,,,https://kc-web-01.kenoshacounty.org/Mapping/Logos/CountyLogoGreyHollow.png,10b-55059,https://dataportal.kenoshacounty.org/api/feed/dcat-us/1.1.json,10b-55059,"","","",Public,DCAT US 1.1,Monthly,2021-02-01|2022-03-14|2022-10-27,,Indexed,published,false,false,"",,2021-04-26 16:51:41 UTC,2023-02-14 18:14:02 UTC
Lake County Illinois Open Data Portal,"","Website for finding and accessing open data provided by Lake County, Illinois",eng,"","",Illinois--Lake County,,Websites,"",County government records,"","",Continually updated resource,,"",Illinois--Lake County|Illinois,"-88.19976,42.15229,-87.76057,42.49564","POLYGON((-88.19976 42.49564, -87.76057 42.49564, -87.76057 42.15229, -88.19976 42.15229, -88.19976 42.49564))","","",ba5cc745-21c5-4ae9-954b-72dd8db6815a,"","","","","",ArcGIS Hub,,,false,,,,,,,,,https://data-lakecountyil.opendata.arcgis.com,,,,,,,,,,,,12b-17097,https://data-lakecountyil.opendata.arcgis.com/api/feed/dcat-us/1.1.json,12b-17097,"","","",Public,DCAT US 1.1,Monthly,2019|2021-04-27,,Indexed,published,false,false,"",,2021-04-27 18:49:59 UTC,2023-02-14 18:14:03 UTC
"Land Records Data Portal of Columbia County, WI","","Website for finding and accessing open data provided by Columbia County, Wisconsin",eng,"","",Wisconsin--Columbia County,,Websites,"",County government records,"","",Continually updated resource,,"",Wisconsin--Columbia County|Wisconsin,"-89.8186,43.6035,-89.739,43.6713","POLYGON((-89.8186 43.6713, -89.739 43.6713, -89.739 43.6035, -89.8186 43.6035, -89.8186 43.6713))","","",ba5cc745-21c5-4ae9-954b-72dd8db6815a,"","","","","",ArcGIS Hub,,,false,,,,,,,,,https://opendata-cclid.opendata.arcgis.com,,,,,,,,,,,,10b-55021,https://opendata-cclid.opendata.arcgis.com/api/feed/dcat-us/1.1.json,10b-55021,"","","",Public,DCAT US 1.1,Monthly,2021-02-01|2021-04-26,,Indexed,published,false,false,"",,2021-04-26 16:51:42 UTC,2023-02-14 18:14:02 UTC
Lincoln Open Data and Performance Management,"","Website for finding and accessing open data provided by the City of Lincoln, Nebraska",eng,"","",Nebraska--Lincoln,,Websites,"",Municipal government records,"","",Continually updated resource,,"",Nebraska--Lincoln|Nebraska,"-96.80415,40.693767,-96.577307,40.900281","POLYGON((-96.80415 40.900281, -96.577307 40.900281, -96.577307 40.693767, -96.80415 40.693767, -96.80415 40.900281))","","",ba5cc745-21c5-4ae9-954b-72dd8db6815a,"","","","","",ArcGIS Hub,,,false,,,,,,,,,https://data2-lincolnne.opendata.arcgis.com,,,,,,,,,,,https://pbs.twimg.com/profile_images/872428759894196224/LLM1nkiG_400x400.jpg,13c-01,https://data2-lincolnne.opendata.arcgis.com/api/feed/dcat-us/1.1.json,13c-01,"","","",Public,DCAT US 1.1,Monthly,2020-01-14|2022-10-27,,Indexed,published,false,false,"",,2021-04-27 18:50:03 UTC,2023-02-14 18:14:04 UTC
"Linn County, Iowa Open Data Portal","","Website for finding and accessing open data provided by Linn County, Iowa",eng,"","",Iowa--Linn County,,Websites,"",County government records,"","",Continually updated resource,,"",Iowa--Linn County|Iowa,"-91.83526,41.85984,-91.36326,42.29906","POLYGON((-91.83526 42.29906, -91.36326 42.29906, -91.36326 41.85984, -91.83526 41.85984, -91.83526 42.29906))","","",ba5cc745-21c5-4ae9-954b-72dd8db6815a,"","","","","",ArcGIS Hub,,,false,,,,,,,,,http://opendata-linncounty-gis.opendata.arcgis.com,,,,,,,,,,,,03b-19113,http://opendata-linncounty-gis.opendata.arcgis.com/api/feed/dcat-us/1.1.json,03b-19113,"","","",Public,DCAT US 1.1,Monthly,2019|2022-10-27,,Indexed,published,false,false,"",,2021-04-26 15:56:28 UTC,2023-02-14 18:14:00 UTC
Lorain County GIS Data,"","Website for finding and accessing open data provided by Lorain County, Ohio",eng,"","",Ohio--Lorain County,,Websites,"",County government records,"","",Continually updated resource,,"",Ohio--Lorain County|Ohio,"-82.34818,41.06354,-81.87696,41.51193","POLYGON((-82.34818 41.51193, -81.87696 41.51193, -81.87696 41.06354, -82.34818 41.06354, -82.34818 41.51193))","","",ba5cc745-21c5-4ae9-954b-72dd8db6815a,"","","","","",ArcGIS Hub,,,false,,,,,,,,,https://data-loraingis.opendata.arcgis.com,,,,,,,,,,,,11b-39093,https://data-loraingis.opendata.arcgis.com/api/feed/dcat-us/1.1.json,11b-39093,"","","",Public,DCAT US 1.1,Monthly,2019|2022-09-26,,Indexed,published,false,false,"",,2021-04-27 18:50:02 UTC,2023-02-14 18:14:03 UTC
Maryland iMap,"",Website for finding and accessing open data provided by Maryland iMap,eng,"","",Maryland,,Websites,"",State government records,"","",Continually updated resource,,"",Maryland,"-79.4873,37.8866,-74.9852,39.7229","POLYGON((-79.4873 39.7229, -74.9852 39.7229, -74.9852 37.8866, -79.4873 37.8866, -79.4873 39.7229))","","",ba5cc745-21c5-4ae9-954b-72dd8db6815a,"","","","","",ArcGIS Hub,,,false,,,,,,,,,http://data.imap.maryland.gov,,,,,,,,,,,,04a-01,http://data.imap.maryland.gov/api/feed/dcat-us/1.1.json,04a-01,"","","",Public,DCAT US 1.1,Monthly,2019|2022-10-27,,Indexed,published,false,false,"",,2021-04-27 18:50:03 UTC,2023-02-14 18:14:00 UTC
McLean County GIS Consortium Open Data,"","Website for finding and accessing open data provided by McLean County, Illinois",eng,"","",Illinois--McLean County,,Websites,"",County government records,"","",Continually updated resource,,"",Illinois--McLean County|Illinois,"-89.2694,40.28092,-88.45921,40.75761","POLYGON((-89.2694 40.75761, -88.45921 40.75761, -88.45921 40.28092, -89.2694 40.28092, -89.2694 40.75761))","","",ba5cc745-21c5-4ae9-954b-72dd8db6815a,"","","","","",ArcGIS Hub,,,false,,,,,,,,,http://www.mcgis.org/,,,,,,,,,,,,02b-17113,http://www.mcgis.org//api/feed/dcat-us/1.1.json,02b-17113,"","","",Public,DCAT US 1.1,Monthly,2019|2022-10-27,,Indexed,published,false,false,"",,2021-04-27 18:49:59 UTC,2023-02-14 18:14:00 UTC
Michigan DNR Open Data Portal,"",Website for finding and accessing open data provided by Michigan DNR,eng,Michigan DNR,"",Michigan,,Websites,"",State government records,"","",Continually updated resource,,"",Michigan,"-90.42,41.7,-82.12,48.31","POLYGON((-90.42 48.31, -82.12 48.31, -82.12 41.7, -90.42 41.7, -90.42 48.31))","","",ba5cc745-21c5-4ae9-954b-72dd8db6815a,"","","","","",ArcGIS Hub,,,false,,,,,,,,,https://gis-midnr.opendata.arcgis.com,,,,,,,,,,,https://www.midnr.com/Publications/pdfs/ArcGISOnline/StoryMaps/dnr_logo50px.png,06a-02,https://gis-midnr.opendata.arcgis.com/api/feed/dcat-us/1.1.json,06a-02,"","","",Public,DCAT US 1.1,Monthly,2019|2021-04-27,,Indexed,published,false,false,"",,2021-04-27 18:50:03 UTC,2023-02-14 18:14:01 UTC
Milwaukee County GIS Download,"","Website for finding and accessing open data provided by Milwaukee County, Wisconsin",eng,"","",Wisconsin--Milwaukee County,,Websites,"",County government records,"","",Continually updated resource,,"",Wisconsin--Milwaukee County|Wisconsin,"-88.06995,42.84212,-87.81422,43.19258","POLYGON((-88.06995 43.19258, -87.81422 43.19258, -87.81422 42.84212, -88.06995 42.84212, -88.06995 43.19258))","","",ba5cc745-21c5-4ae9-954b-72dd8db6815a,"","","","","",ArcGIS Hub,,,false,,,,,,,,,https://gis-mclio.opendata.arcgis.com,,,,,,,,,,,,10b-55079,https://gis-mclio.opendata.arcgis.com/api/feed/dcat-us/1.1.json,10b-55079,"","","",Public,DCAT US 1.1,Monthly,2021-02-23|2022-10-27,,Indexed,published,false,false,"",,2021-04-26 16:52:08 UTC,2023-02-14 18:14:02 UTC
Montgomery County Open Data,"","Website for finding and accessing open data provided by Montgomery County, Pennsylvania",eng,"","",Pennsylvania--Montgomery County,,Websites,"",County government records,"","",Continually updated resource,,"",Pennsylvania--Montgomery County|Pennsylvania,"-75.69678,39.97696,-75.01507,40.447","POLYGON((-75.69678 40.447, -75.01507 40.447, -75.01507 39.97696, -75.69678 39.97696, -75.69678 40.447))","","",ba5cc745-21c5-4ae9-954b-72dd8db6815a,"","","","","",ArcGIS Hub,,,false,,,,,,,,,https://data-montcopa.opendata.arcgis.com,,,,,,,,,,,,08b-42091,https://data-montcopa.opendata.arcgis.com/api/feed/dcat-us/1.1.json,08b-42091,"","","",Public,DCAT US 1.1,Monthly,2019|2022-06-16,,Indexed,published,false,false,"",,2021-04-27 18:50:02 UTC,2023-02-14 18:14:02 UTC
Nebraska Game & Parks Map and Data Portal,"",Website for finding and accessing open data provided by the State of Nebraska,eng,"","",Nebraska,,Websites,"",State government records,"","",Continually updated resource,,"",Nebraska,"-104.1,40.0,-95.3,43.0","POLYGON((-104.1 43.0, -95.3 43.0, -95.3 40.0, -104.1 40.0, -104.1 43.0))","","",ba5cc745-21c5-4ae9-954b-72dd8db6815a,"","","","","",ArcGIS Hub,,,false,,,,,,,,,https://data-outdoornebraska.opendata.arcgis.com,,,,,,,,,,,https://maps.outdoornebraska.gov/Opendata/gpc_meatball_sm.png,13a-04,https://data-outdoornebraska.opendata.arcgis.com/api/feed/dcat-us/1.1.json,13a-04,"","","",Public,DCAT US 1.1,Monthly,2020-01-14|2021-05-27|2022-08-19,,Indexed,published,false,false,"",,2021-04-27 18:50:04 UTC,2023-02-14 18:14:03 UTC
NebraskaMap,"",Website for finding and accessing open data provided by the State of Nebraska,eng,"","",Nebraska,,Websites,"",State government records,"","",Continually updated resource,,"",Nebraska,"-104.0535,40,-95.3081,43.0013","POLYGON((-104.0535 43.0013, -95.3081 43.0013, -95.3081 40, -104.0535 40, -104.0535 43.0013))","","",ba5cc745-21c5-4ae9-954b-72dd8db6815a,"","","","","",ArcGIS Hub,,,false,,,,,,,,,https://www.nebraskamap.gov,,,,,,,,,,,,13a-01,https://www.nebraskamap.gov/api/feed/dcat-us/1.1.json,13a-01,"","","",Public,DCAT US 1.1,Monthly,2020-07-27|2022-10-27,,Indexed,published,false,false,"",,2021-04-27 18:50:03 UTC,2023-02-14 18:14:03 UTC
New Jersey Department of Environmental Protection's (NJDEP) Bureau of GIS,"",Discover and explore web maps and mapping applications that are associated with environmental interests and concerns in New Jersey.,eng,New Jersey Department of Environmental Protection's Bureau of GIS,"",New Jersey,,Websites,"",State government records,Environment,"",Continually updated resource,,"",New Jersey,"-75.5633861572,38.79113036,-73.8936282322,41.3572369108","POLYGON((-75.5634 41.3572, -73.8936 41.3572, -73.8936 38.7911, -75.5634 38.7911, -75.5634 41.3572))","","",ba5cc745-21c5-4ae9-954b-72dd8db6815a,"","","","","",ArcGIS Hub,,,false,,,,,,,,,https://gisdata-njdep.opendata.arcgis.com,,,,,,,,,,,,14a-02,https://gisdata-njdep.opendata.arcgis.com/api/feed/dcat-us/1.1.json,14a-02,"","","",Public,DCAT US 1.1,Monthly,"",,Indexed,published,false,false,"",,2023-01-25 23:50:32 UTC,2023-02-14 18:14:04 UTC
New Jersey Geographic Information Network (NJGIN) Open Data Portal,"",Website for finding and accessing open data provided by the state of New Jersey,eng,New Jersey Office of GIS,"",New Jersey,,Websites,"",State government records,"","",Continually updated resource,,"",New Jersey,"-75.5633861572,38.79113036,-73.8936282322,41.3572369108","POLYGON((-75.5633861572 41.3572369108, -73.8936282322 41.3572369108, -73.8936282322 38.79113036, -75.5633861572 38.79113036, -75.5633861572 41.3572369108))","","",ba5cc745-21c5-4ae9-954b-72dd8db6815a,"","","","","",ArcGIS Hub,,,false,,,,,,,,,https://njogis-newjersey.opendata.arcgis.com,,,,,,,,,,,,14a-01,https://njogis-newjersey.opendata.arcgis.com/api/feed/dcat-us/1.1.json,14a-01,"","","",Public,DCAT US 1.1,Monthly,2022-04-04|2022-10-27,,Indexed,published,false,false,"",,2022-06-16 20:21:40 UTC,2023-02-14 18:14:04 UTC
"Oakland County, MI Open data","","Website for finding and accessing open data provided by Oakland County, Michigan",eng,"","",Michigan--Oakland County,,Websites,"",County government records,"","",Continually updated resource,,"",Michigan--Oakland County|Michigan,"-83.68944,42.43118,-83.08339,42.88865","POLYGON((-83.68944 42.88865, -83.08339 42.88865, -83.08339 42.43118, -83.68944 42.43118, -83.68944 42.88865))","","",ba5cc745-21c5-4ae9-954b-72dd8db6815a,"","","","","",ArcGIS Hub,,,false,,,,,,,,,http://accessoakland.oakgov.com,,,,,,,,,,,https://www.oakgov.com/style%20library/Template_V2/Images/OCLogo.png,06b-26125,http://accessoakland.oakgov.com/api/feed/dcat-us/1.1.json,06b-26125,"","","",Public,DCAT US 1.1,Monthly,2019|2022-06-16,,Indexed,published,false,false,"",,2021-04-27 18:50:00 UTC,2023-02-14 18:14:01 UTC
Omaha/Douglas County GIS Open Data Portal,"","Website for finding and accessing open data provided by Douglas County, Nebraska",eng,"","",Nebraska--Omaha,,Websites,"",County government records,"","",Continually updated resource,,"",Nebraska--Omaha|Nebraska--Douglas County|Nebraska,"-96.473328,41.190247,-95.871141,41.394116","POLYGON((-96.473328 41.394116, -95.871141 41.394116, -95.871141 41.190247, -96.473328 41.190247, -96.473328 41.394116))","","",ba5cc745-21c5-4ae9-954b-72dd8db6815a,"","","","","",ArcGIS Hub,,,false,,,,,,,,,https://data-dogis.opendata.arcgis.com,,,,,,,,,,,https://gis.douglascounty-ne.gov/images/gis_logo.png,13b-31055,https://data-dogis.opendata.arcgis.com/api/feed/dcat-us/1.1.json,13b-31055,"","","",Public,DCAT US 1.1,Monthly,2020-01-14|2022-10-27,,Indexed,published,false,false,"",,2021-04-27 18:00:53 UTC,2023-02-14 18:14:04 UTC
Open Data DC,"","Website for finding and accessing open data provided by Washington, District of Columbia",eng,"","",District of Columbia--Washington,,Websites,"",Municipal government records,"","",Continually updated resource,,"",District of Columbia--Washington|District of Columbia,"-77.11976,38.79164,-76.90915,38.99597","POLYGON((-77.11976 38.99597, -76.90915 38.99597, -76.90915 38.79164, -77.11976 38.79164, -77.11976 38.99597))","","",ba5cc745-21c5-4ae9-954b-72dd8db6815a,"","","","","",ArcGIS Hub,,,false,,,,,,,,,https://opendata.dc.gov,,,,,,,,,,,,04c-01,https://opendata.dc.gov/api/feed/dcat-us/1.1.json,04c-01,"","","",Public,DCAT US 1.1,Monthly,2021-04-27|2022-10-27,,Indexed,published,false,false,"",,2021-04-27 18:50:02 UTC,2023-02-14 18:14:00 UTC
Open Data Minneapolis,"","Website for finding and accessing open data provided by the City of Minneapolis, Minnesota",eng,"","",Minnesota--Minneapolis,,Websites,"",Municipal government records,"","",Continually updated resource,,"",Minnesota--Minneapolis|Minnesota,"-93.329163,44.89015,-93.193858,45.05125","POLYGON((-93.329163 45.05125, -93.193858 45.05125, -93.193858 44.89015, -93.329163 44.89015, -93.329163 45.05125))","","",ba5cc745-21c5-4ae9-954b-72dd8db6815a,"","","","","",ArcGIS Hub,,,false,,,,,,,,,https://opendata.minneapolismn.gov,,,,,,,,,,,,05c-01,https://opendata.minneapolismn.gov/api/feed/dcat-us/1.1.json,05c-01,"","","",Public,DCAT US 1.1,Monthly,2019|2021-04-26|2022-06-16,,Indexed,published,false,false,"",,2021-04-26 17:02:52 UTC,2023-02-14 18:14:01 UTC
OpenIndy Data Portal,"","Website for finding and accessing open data provided by the city of Indianapolis and Marion County, Indiana",eng,"","","City of Indianapolis and Marion County, Indiana",,Websites,"",State government records,"","",Continually updated resource,,"",Indiana--Indianapolis|Indiana--Marion County|Indiana,"-86.32815,39.63219,-85.93808,39.9275","POLYGON((-86.32815 39.9275, -85.93808 39.9275, -85.93808 39.63219, -86.32815 39.63219, -86.32815 39.9275))","","",ba5cc745-21c5-4ae9-954b-72dd8db6815a,"","","","","",ArcGIS Hub,,,false,,,,,,,,,http://data.indy.gov,,,,,,,,,,,,01c-02,http://data.indy.gov/api/feed/dcat-us/1.1.json,01c-02,"","","",Public,DCAT US 1.1,Monthly,2019|2022-10-27,,Indexed,published,false,false,"",,2021-04-27 15:43:06 UTC,2023-02-14 18:13:59 UTC
Opioid Awareness|Peoria City/County Health Department ,"","Enabling a coordinated effort to address opioid addiction and promote treatment alternatives. This site offers a collection of maps and apps used by public health and safety agencies to communicate the severity of the opioid epidemic, promote treatment, alternatives, and understand the effectiveness of response activities.",eng,Peoria City/County Health Department ,"",Illinois--Peoria County,,Websites,"",County government records,Health,"",Continually updated resource,,"",Illinois--Peoria County|Illinois,"-89.989017,40.513644,-89.447413,40.975005","POLYGON((-89.989017 40.975005, -89.447413 40.975005, -89.447413 40.513644, -89.989017 40.513644, -89.989017 40.975005))","","",ba5cc745-21c5-4ae9-954b-72dd8db6815a,"","","","","",ArcGIS Hub,,,false,,,,,,,,,https://opioid-awareness-peoriacountygis.hub.arcgis.com,,,,,,,,,,,,12c-02,https://opioid-awareness-peoriacountygis.hub.arcgis.com/api/feed/dcat-us/1.1.json,12c-02,"","","",Public,DCAT US 1.1,Monthly,"",,Indexed,published,false,false,"",,2023-02-02 21:25:35 UTC,2023-02-14 18:14:03 UTC
Outagamie County GIS Download,"","Website for finding and accessing open data provided by Outagamie County, Wisconsin",eng,"","",Wisconsin--Outagamie County,,Websites,"",County government records,"","",Continually updated resource,,"",Wisconsin--Outagamie County|Wisconsin,"-90.04526,45.46444,-89.04638,45.90146","POLYGON((-90.04526 45.90146, -89.04638 45.90146, -89.04638 45.46444, -90.04526 45.46444, -90.04526 45.90146))","","",ba5cc745-21c5-4ae9-954b-72dd8db6815a,"","","","","",ArcGIS Hub,,,false,,,,,,,,,https://data-ocgis.opendata.arcgis.com,,,,,,,,,,,,10b-55087,https://data-ocgis.opendata.arcgis.com/api/feed/dcat-us/1.1.json,10b-55087,"","","",Public,DCAT US 1.1,Monthly,2021-02-23|2022-10-27,,Indexed,published,false,false,"",,2021-04-26 16:52:58 UTC,2023-02-14 18:14:02 UTC
Pennsylvania Department of Conservation and Natural Resources Open Data Portal,"",Website for finding and accessing open data provided by the Pennsylvania Department of Conservation and Natural Resources,eng,Pennsylvania Department of Conservation and Natural Resources,"",Pennsylvania,,Websites,"",State government records,"",DEIA,Continually updated resource,,"",Pennsylvania,"-80.5211,39.7198,-74.6897,42.5147","POLYGON((-80.5211 42.5147, -74.6897 42.5147, -74.6897 39.7198, -80.5211 39.7198, -80.5211 42.5147))","","",ba5cc745-21c5-4ae9-954b-72dd8db6815a,"","","","","",ArcGIS Hub,,,false,,,,,,,,,https://newdata-dcnr.opendata.arcgis.com,,,,,,,,,,,,08a-02,https://newdata-dcnr.opendata.arcgis.com/api/feed/dcat-us/1.1.json,08a-02,"","","",Public,DCAT US 1.1,Monthly,"",,Indexed,published,false,false,"",,2022-10-27 22:38:13 UTC,2023-02-14 18:14:01 UTC
Peoria County GIS Open Data Portal,"","Website for finding and accessing open data provided by Peoria County, Illinois",eng,"","",Illinois--Peoria County,,Websites,"",County government records,"","",Continually updated resource,,"",Illinois--Peoria County|Illinois,"-89.98902,40.51313,-89.44769,40.97509","POLYGON((-89.98902 40.97509, -89.44769 40.97509, -89.44769 40.51313, -89.98902 40.51313, -89.98902 40.97509))","","",ba5cc745-21c5-4ae9-954b-72dd8db6815a,"","","","","",ArcGIS Hub,,,false,,,,,,,,,https://data-peoriacountygis.opendata.arcgis.com,,,,,,,,,,,,12b-17143,https://data-peoriacountygis.opendata.arcgis.com/api/feed/dcat-us/1.1.json,12b-17143,"","","",Public,DCAT US 1.1,Monthly,2019|2022-04-04,,Indexed,published,false,false,"",,2021-04-27 18:49:59 UTC,2023-02-14 18:14:03 UTC
PHLmaps,"","Website for finding and accessing open data provided by the City of Philadelphia, Pennsylvania",eng,"City of Philadelphia, Pennsylvania","",Pennsylvania--Philadelphia,,Websites,"",Municipal government records,"","",Continually updated resource,,"",Pennsylvania--Philadelphia|Pennsylvania,"-75.280298,39.867005,-74.955832,40.13796","POLYGON((-75.280298 40.13796, -74.955832 40.13796, -74.955832 39.867005, -75.280298 39.867005, -75.280298 40.13796))","","",ba5cc745-21c5-4ae9-954b-72dd8db6815a,"","","","","",ArcGIS Hub,,,false,,,,,,,,,http://data-phl.opendata.arcgis.com,,,,,,,,,,,,08c-01-2,http://data-phl.opendata.arcgis.com/api/feed/dcat-us/1.1.json,08c-01-2,"","","",Public,DCAT US 1.1,Monthly,2019|2021-04-27,,Indexed,published,false,false,"",,2021-04-27 18:50:03 UTC,2023-02-14 18:14:02 UTC
Pierce County GIS Open Data Portal,"","Website for finding and accessing open data provided by Pierce County, Wisconsin",eng,"","",Wisconsin--Pierce County,,Websites,"",County government records,"","",Continually updated resource,,"",Wisconsin--Pierce County|Wisconsin,"-92.6502,44.8299,-92.5796,44.9023","POLYGON((-92.6502 44.9023, -92.5796 44.9023, -92.5796 44.8299, -92.6502 44.8299, -92.6502 44.9023))","","",ba5cc745-21c5-4ae9-954b-72dd8db6815a,"","","","","",ArcGIS Hub,,,false,,,,,,,,,https://data-piercecounty-wi.hub.arcgis.com,,,,,,,,,,,,10b-55093,https://data-piercecounty-wi.hub.arcgis.com/api/feed/dcat-us/1.1.json,10b-55093,"","","",Public,DCAT US 1.1,Monthly,2021-02-01|2022-10-27,,Indexed,published,false,false,"",,2021-04-26 16:53:25 UTC,2023-02-14 18:14:02 UTC
Polk County GIS Open Data,"","Website for finding and accessing open data provided by Polk County, Minnesota",eng,"","",Minnesota--Polk County,,Websites,"",County government records,"","",Continually updated resource,,"",Minnesota--Polk County|Minnesota,"-97.14751,47.49863,-95.55329,48.17411","POLYGON((-97.14751 48.17411, -95.55329 48.17411, -95.55329 47.49863, -97.14751 47.49863, -97.14751 48.17411))","","",ba5cc745-21c5-4ae9-954b-72dd8db6815a,"","","","","",ArcGIS Hub,,,false,,,,,,,,,https://hub-pcg.hub.arcgis.com,,,,,,,,,,,,05b-27119,https://hub-pcg.hub.arcgis.com/api/feed/dcat-us/1.1.json,05b-27119,"","","",Public,DCAT US 1.1,Monthly,2019|2021-05-30,,Indexed,published,false,false,"",,2021-04-26 17:02:53 UTC,2023-02-14 18:14:01 UTC
Pope County Open Data,"","Website for finding and accessing open data provided by Pope County, Minnesota",eng,"","",Minnesota--Pope County,,Websites,"",County government records,"","",Continually updated resource,,"",Minnesota--Pope County|Minnesota,"-95.75886,45.4119,-95.13129,45.75993","POLYGON((-95.75886 45.75993, -95.13129 45.75993, -95.13129 45.4119, -95.75886 45.4119, -95.75886 45.75993))","","",ba5cc745-21c5-4ae9-954b-72dd8db6815a,"","","","","",ArcGIS Hub,,,false,,,,,,,,,https://hub-popecounty.hub.arcgis.com,,,,,,,,,,,,05b-27121,https://hub-popecounty.hub.arcgis.com/api/feed/dcat-us/1.1.json,05b-27121,"","","",Public,DCAT US 1.1,Monthly,2019|2022-09-26,,Indexed,published,false,false,"",,2021-04-26 17:02:53 UTC,2023-02-14 18:14:01 UTC
Racine County GIS Download,"","Website for finding and accessing open data provided by Racine County, Wisconsin",eng,"","",Wisconsin--Racine County,,Websites,"",County government records,"","",Continually updated resource,,"",Wisconsin--Racine County|Wisconsin,"-88.30806,42.61082,-87.77011,42.84361","POLYGON((-88.30806 42.84361, -87.77011 42.84361, -87.77011 42.61082, -88.30806 42.61082, -88.30806 42.84361))","","",ba5cc745-21c5-4ae9-954b-72dd8db6815a,"","","","","",ArcGIS Hub,,,false,,,,,,,,,http://data.racinecounty.opendata.arcgis.com,,,,,,,,,,,,10b-55101,http://data.racinecounty.opendata.arcgis.com/api/feed/dcat-us/1.1.json,10b-55101,"","","",Public,DCAT US 1.1,Monthly,2021-02-23|2022-10-27,,Indexed,published,false,false,"",,2021-04-26 16:53:38 UTC,2023-02-14 18:14:02 UTC
Ramsey County Open Data,"","Website for finding and accessing open data provided by Ramsey County, Minnesota",eng,"","",Minnesota--Ramsey County,,Websites,"",County government records,"","",Continually updated resource,,"",Minnesota--Ramsey County|Minnesota,"-93.22812,44.8874,-92.98419,45.12453","POLYGON((-93.22812 45.12453, -92.98419 45.12453, -92.98419 44.8874, -93.22812 44.8874, -93.22812 45.12453))","","",ba5cc745-21c5-4ae9-954b-72dd8db6815a,"","","","","",ArcGIS Hub,,,false,,,,,,,,,https://data-ramseygis.opendata.arcgis.com,,,,,,,,,,,,05b-27123,https://data-ramseygis.opendata.arcgis.com/api/feed/dcat-us/1.1.json,05b-27123,"","","",Public,DCAT US 1.1,Monthly,2019|2022-10-27,,Indexed,published,false,false,"",,2021-04-26 17:02:53 UTC,2023-02-14 18:14:01 UTC
Renville County Open GIS Data,"","Portal for finding and accessing open data provided by Renville County, Minnesota",eng,"","",Minnesota--Renville County,,Websites,"",County government records,"","",Continually updated resource,,"",Minnesota--Renville County|Minnesota,"-95.48438,44.45599,-94.49773,44.89237","POLYGON((-95.48438 44.89237, -94.49773 44.89237, -94.49773 44.45599, -95.48438 44.45599, -95.48438 44.89237))","","",ba5cc745-21c5-4ae9-954b-72dd8db6815a,"","","","","",ArcGIS Hub,,,false,,,,,,,,,https://hub-renvilleco.hub.arcgis.com,,,,,,,,,,,,05b-27129,https://hub-renvilleco.hub.arcgis.com/api/feed/dcat-us/1.1.json,05b-27129,"","","",Public,DCAT US 1.1,Monthly,2021-02-23,,Indexed,published,false,false,"",,2023-02-02 20:58:33 UTC,2023-02-14 18:14:01 UTC
Saint Louis County GIS & Mapping,"","Website for finding and accessing open data provided by St. Louis County, Minnesota",eng,"","",Minnesota--St. Louis County,,Websites,"",County government records,"","",Continually updated resource,,"",Minnesota--St. Louis County|Minnesota,"-93.0966,46.6492,-91.7893,48.6316","POLYGON((-93.0966 48.6316, -91.7893 48.6316, -91.7893 46.6492, -93.0966 46.6492, -93.0966 48.6316))","","",ba5cc745-21c5-4ae9-954b-72dd8db6815a,"","","","","",ArcGIS Hub,,,false,,,,,,,,,https://open-data-slcgis.hub.arcgis.com,,,,,,,,,,,,05b-27137,https://open-data-slcgis.hub.arcgis.com/api/feed/dcat-us/1.1.json,05b-27137,"","","",Public,DCAT US 1.1,Monthly,2019|2021-05-30,,Indexed,published,false,false,"",,2021-04-26 17:02:53 UTC,2023-02-14 18:14:01 UTC
Sarpy County GIS Portal,"","Website for finding and accessing open data provided by Sarpy County, Nebraska",eng,"","",Nebraska--Sarpy County,,Websites,"",County government records,"","",Continually updated resource,,"",Nebraska--Sarpy County|Nebraska,"-96.339409,40.996357,-95.841616,41.191271","POLYGON((-96.339409 41.191271, -95.841616 41.191271, -95.841616 40.996357, -96.339409 40.996357, -96.339409 41.191271))","","",ba5cc745-21c5-4ae9-954b-72dd8db6815a,"","","","","",ArcGIS Hub,,,false,,,,,,,,,https://data2-sarpy.opendata.arcgis.com,,,,,,,,,,,https://pbs.twimg.com/profile_images/1095082782894710784/3CSCTgIt.jpg,13b-31153,https://data2-sarpy.opendata.arcgis.com/api/feed/dcat-us/1.1.json,13b-31153,"","","",Public,DCAT US 1.1,Monthly,2020-01-14|2022-10-27,,Indexed,published,false,false,"",,2021-04-27 18:50:04 UTC,2023-02-14 18:14:04 UTC
Sauk County GIS Download,"","Website for finding and accessing open data provided by Sauk County, Wisconsin",eng,"","",Wisconsin--Sauk County,,Websites,"",County government records,"","",Continually updated resource,,"",Wisconsin--Sauk County|Wisconsin,"-90.31244,43.14529,-89.59934,43.64223","POLYGON((-90.31244 43.64223, -89.59934 43.64223, -89.59934 43.14529, -90.31244 43.14529, -90.31244 43.64223))","","",ba5cc745-21c5-4ae9-954b-72dd8db6815a,"","","","","",ArcGIS Hub,,,false,,,,,,,,,https://data-saukgis.opendata.arcgis.com,,,,,,,,,,,,10b-55111,https://data-saukgis.opendata.arcgis.com/api/feed/dcat-us/1.1.json,10b-55111,"","","",Public,DCAT US 1.1,Monthly,2021-02-23|2022-10-27,,Indexed,published,false,false,"",,2021-04-26 16:54:00 UTC,2023-02-14 18:14:02 UTC
SEMCOG Open Data,"","Website for finding and accessing open data provided by SEMCOG, Southeast Michigan Council of Governments",eng,"SEMCOG, Southeast Michigan Council of Governments","",Michigan,,Websites,"",Intergovernment records,"","",Continually updated resource,,"",Michigan,"-84.1581,41.7235,-82.4183,43.1689","POLYGON((-84.1581 43.1689, -82.4183 43.1689, -82.4183 41.7235, -84.1581 41.7235, -84.1581 43.1689))","","",ba5cc745-21c5-4ae9-954b-72dd8db6815a,"","","","","",ArcGIS Hub,,,false,,,,,,,,,http://maps-semcog.opendata.arcgis.com,,,,,,,,,,,https://semcog.org/Portals/0/Images/Data%20and%20Maps/SEMCOG_Header2017.png,06f-01,http://maps-semcog.opendata.arcgis.com/api/feed/dcat-us/1.1.json,06f-01,"","","",Public,DCAT US 1.1,Monthly,2019|2022-10-27,,Indexed,published,false,false,"",,2021-04-27 18:50:03 UTC,2023-02-14 18:14:01 UTC
"South Bend, IN Open Data","","Website for finding and accessing open data provided by South Bend, Indiana",eng,"","",Indiana--South Bend,,Websites,"",Municipal government records,"","",Continually updated resource,,"",Indiana--South Bend|Indiana,"-86.360748,41.59745,-86.191291,41.760267","POLYGON((-86.360748 41.760267, -86.191291 41.760267, -86.191291 41.59745, -86.360748 41.59745, -86.360748 41.760267))","","",ba5cc745-21c5-4ae9-954b-72dd8db6815a,"","","","","",ArcGIS Hub,,,false,,,,,,,,,http://data-southbend.opendata.arcgis.com,,,,,,,,,,,,09c-01,http://data-southbend.opendata.arcgis.com/api/feed/dcat-us/1.1.json,09c-01,"","","",Public,DCAT US 1.1,Monthly,2021-05-07|2022-04-24,,Indexed,published,false,false,"",,2021-05-07 22:56:38 UTC,2023-02-14 18:14:02 UTC
St. Croix County GIS Download,"","Website for finding and accessing open data provided by St. Croix County, Wisconsin",eng,"","",Wisconsin--St. Croix County,,Websites,"",County government records,"","",Continually updated resource,,"",Wisconsin--St. Croix County|Wisconsin,"-92.80312,44.85770,-92.13521,45.21042","POLYGON((-92.80312 45.21042, -92.13521 45.21042, -92.13521 44.85770, -92.80312 44.85770, -92.80312 45.21042))","","",ba5cc745-21c5-4ae9-954b-72dd8db6815a,"","","","","",ArcGIS Hub,,,false,,,,,,,,,https://gis-scccdd.opendata.arcgis.com,,,,,,,,,,,,10b-55109,https://gis-scccdd.opendata.arcgis.com/api/feed/dcat-us/1.1.json,10b-55109,"","","",Public,DCAT US 1.1,Monthly,2021-02-23|2022-08-19,,Indexed,published,false,false,"",,2021-04-26 16:54:02 UTC,2023-02-14 18:14:02 UTC
Stark County GIS Data,"",Website for finding and accessing open data provided by Stark County GIS (SCGIS),eng,Stark County GIS (SCGIS),"",Ohio--Stark County,,Websites,"",County government records,"","",Continually updated resource,,"",Ohio--Stark County|Ohio,"-81.65005,40.63511,-81.08631,40.98872","POLYGON((-81.65005 40.98872, -81.08631 40.98872, -81.08631 40.63511, -81.65005 40.63511, -81.65005 40.98872))","","",ba5cc745-21c5-4ae9-954b-72dd8db6815a,"","","","","",ArcGIS Hub,,,false,,,,,,,,,http://opendata.starkcountyohio.gov,,,,,,,,,,,,11b-39151,http://opendata.starkcountyohio.gov/api/feed/dcat-us/1.1.json,11b-39151,"","","",Public,DCAT US 1.1,Monthly,2019|2021-12-06,,Indexed,published,false,false,"",,2021-04-27 18:50:02 UTC,2023-02-14 18:14:03 UTC
State of Michigan Open Data Portal,"",Website for finding and accessing open data provided by the State of Michigan,eng,"","",Michigan,,Websites,"",State government records,"","",Continually updated resource,,"",Michigan,"-90.42,41.7,-82.12,48.31","POLYGON((-90.42 48.31, -82.12 48.31, -82.12 41.7, -90.42 41.7, -90.42 48.31))","","",ba5cc745-21c5-4ae9-954b-72dd8db6815a,"","","","","",ArcGIS Hub,,,false,,,,,,,,,http://gis-michigan.opendata.arcgis.com,,,,,,,,,,,http://www.mcgi.state.mi.us/agoopendata/images/icons/SOMCoatOfArms.png,06a-01,http://gis-michigan.opendata.arcgis.com/api/feed/dcat-us/1.1.json,06a-01,"","","",Public,DCAT US 1.1,Monthly,2017|2022-10-27,,Indexed,published,false,false,"",,2021-04-27 18:50:03 UTC,2023-02-14 18:14:01 UTC
Stearns County GIS Data for Download,"","The Stearns County, Minnesota website's GIS Division page provides links for FTP download access to geospatial datasets. Datasets available include parcels, boundaries, roads, and soils, as well as for other topic categories.",eng,"Auditor/Treasurer's Office, GIS Division","",Minnesota--Stearns County,,Websites,"",County government records,"","",Continually updated resource,,"",Minnesota--Stearns County|Minnesota,"-95.13986,45.2823,-94.04733,45.77532","POLYGON((-95.13986 45.77532, -94.04733 45.77532, -94.04733 45.2823, -95.13986 45.2823, -95.13986 45.77532))","","",ba5cc745-21c5-4ae9-954b-72dd8db6815a,"","","","","",ArcGIS Hub,,,false,,,,,,,,,https://stearns-county-gis-stearns.hub.arcgis.com,,,,,,,,,,,https://co.stearns.mn.us/Portals/0/Skins/StearnsResponsive/css/images/logo.png,05b-27145,https://stearns-county-gis-stearns.hub.arcgis.com/api/feed/dcat-us/1.1.json,05b-27145,"","","",Public,DCAT US 1.1,Monthly,2019|2021-04-26|2021-04-26,,Indexed,published,false,false,"",,2021-04-26 17:02:53 UTC,2023-02-14 18:14:01 UTC
Summit County GIS Data,"","Website for finding and accessing open data provided by Summit County, Ohio",eng,"","",Ohio--Summit County,,Websites,"",County government records,"","",Continually updated resource,,"",Ohio--Summit County|Ohio,"-81.68849,40.9065,-81.39153,41.35117","POLYGON((-81.68849 41.35117, -81.39153 41.35117, -81.39153 40.9065, -81.68849 40.9065, -81.68849 41.35117))","","",ba5cc745-21c5-4ae9-954b-72dd8db6815a,"","","","","",ArcGIS Hub,,,false,,,,,,,,,https://data-summitgis.opendata.arcgis.com,,,,,,,,,,,,11b-39153,https://data-summitgis.opendata.arcgis.com/api/feed/dcat-us/1.1.json,11b-39153,"","","",Public,DCAT US 1.1,Monthly,2019|2022-04-24,,Indexed,published,false,false,"",,2021-04-27 18:50:02 UTC,2023-02-14 18:14:03 UTC
UM Matthaei Botanical Gardens and Nichols Arboretum,"",Website for finding and accessing open data provided by University of Michigan's Matthaei Botanical Gardens and Nichols Arboretum Data Hub.,eng,University of Michigan,"",Michigan,,Websites,"",State government records,"","",Continually updated resource,,"",Michigan,"-83.799572,42.222668,-83.675807,42.323971","POLYGON((-83.799572 42.323971, -83.675807 42.323971, -83.675807 42.222668, -83.799572 42.222668, -83.799572 42.323971))","","",dc8c18df-7d64-4ff4-a754-d18d0891187d,"","","","","",ArcGIS Hub,,,false,,,,,,,,,https://mbgna-umich.hub.arcgis.com,,,,,,,,,,,,07d-02,https://mbgna-umich.hub.arcgis.com/api/feed/dcat-us/1.1.json,07d-02,"","","",Public,DCAT US 1.1,Monthly,2019|2021-05-30,,Indexed,published,false,false,"",,2021-04-27 18:49:59 UTC,2023-02-14 18:14:01 UTC
University of Chicago Library GIS Data Hub,"",Website for finding and accessing open data provided by University of Chicago,eng,University of Chicago Library,"",Illinois--Chicago,,Websites,"",Municipal government records,"","",Continually updated resource,,"",Illinois--Chicago|Illinois,"-87.9402,41.6443,-87.524,42.0231","POLYGON((-87.9402 42.0231, -87.524 42.0231, -87.524 41.6443, -87.9402 41.6443, -87.9402 42.0231))","","",dc8c18df-7d64-4ff4-a754-d18d0891187d,"","","","","",ArcGIS Hub,,,false,,,,,,,,,http://library-uchicago.opendata.arcgis.com,,,,,,,,,,,,12d-03,http://library-uchicago.opendata.arcgis.com/api/feed/dcat-us/1.1.json,12d-03,"","","",Public,DCAT US 1.1,Monthly,2020-07-27|2021-04-27,,Indexed,published,false,false,"",,2021-04-27 18:49:59 UTC,2023-02-14 18:14:03 UTC
"Washtenaw County, Michigan Open Data","","Website for finding and accessing open data provided by Washtenaw County, Michigan",eng,"","",Michigan--Washtenaw County,,Websites,"",County government records,"","",Continually updated resource,,"",Michigan--Washtenaw County|Michigan,"-84.134079,42.071577,-83.539396,42.435184","POLYGON((-84.134079 42.435184, -83.539396 42.435184, -83.539396 42.071577, -84.134079 42.071577, -84.134079 42.435184))","","",ba5cc745-21c5-4ae9-954b-72dd8db6815a,"","","","","",ArcGIS Hub,,,false,,,,,,,,,https://data-washtenaw.opendata.arcgis.com,,,,,,,,,,,https://gisappsecure.ewashtenaw.org/public/Resources/Images/white.png,07b-26161,https://data-washtenaw.opendata.arcgis.com/api/feed/dcat-us/1.1.json,07b-26161,"","","",Public,DCAT US 1.1,Monthly,2019|2021-04-27,,Indexed,published,false,false,"",,2021-04-27 18:50:00 UTC,2023-02-14 18:14:01 UTC
Waukesha County GIS Download,"","Website for finding and accessing open data provided by Waukesha County, Wisconsin",eng,"","",Wisconsin--Waukesha County,,Websites,"",County government records,"","",Continually updated resource,,"",Wisconsin--Waukesha County|Wisconsin,"-88.54228,42.84192,-88.06335,43.19605","POLYGON((-88.54228 43.19605, -88.06335 43.19605, -88.06335 42.84192, -88.54228 42.84192, -88.54228 43.19605))","","",ba5cc745-21c5-4ae9-954b-72dd8db6815a,"","","","","",ArcGIS Hub,,,false,,,,,,,,,https://data-waukeshacounty.opendata.arcgis.com,,,,,,,,,,,,10b-55133,https://data-waukeshacounty.opendata.arcgis.com/api/feed/dcat-us/1.1.json,10b-55133,"","","",Public,DCAT US 1.1,Monthly,2021-02-23|2022-09-26,,Indexed,published,false,false,"",,2021-04-26 16:54:20 UTC,2023-02-14 18:14:03 UTC
Waupaca County GIS Download,"","Website for finding and accessing open data provided by Waupaca County, Wisconsin",eng,"","",Wisconsin--Waupaca County,,Websites,"",County government records,"","",Continually updated resource,,"",Wisconsin--Waupaca County|Wisconsin,"-89.22481,44.24256,-88.60503,44.68137","POLYGON((-89.22481 44.68137, -88.60503 44.68137, -88.60503 44.24256, -89.22481 44.24256, -89.22481 44.68137))","","",ba5cc745-21c5-4ae9-954b-72dd8db6815a,"","","","","",ArcGIS Hub,,,false,,,,,,,,,https://data2017-04-05t135915451z-waupacacounty.opendata.arcgis.com,,,,,,,,,,,,10b-55135,https://data2017-04-05t135915451z-waupacacounty.opendata.arcgis.com/api/feed/dcat-us/1.1.json,10b-55135,"","","",Public,DCAT US 1.1,Monthly,2021-02-23|2021-04-26,,Indexed,published,false,false,"",,2021-04-26 16:54:20 UTC,2023-02-14 18:14:03 UTC
Waushara County GIS Download,"","Website for finding and accessing open data provided by Waushara County, Wisconsin",eng,"","",Wisconsin--Waushara County,,Websites,"",County government records,"","",Continually updated resource,,"",Wisconsin--Waushara County|Wisconsin,"-89.59812,43.98200,-88.88570,44.24573","POLYGON((-89.59812 44.24573, -88.88570 44.24573, -88.88570 43.98200, -89.59812 43.98200, -89.59812 44.24573))","","",ba5cc745-21c5-4ae9-954b-72dd8db6815a,"","","","","",ArcGIS Hub,,,false,,,,,,,,,https://data-waushara.opendata.arcgis.com,,,,,,,,,,,,10b-55137,https://data-waushara.opendata.arcgis.com/api/feed/dcat-us/1.1.json,10b-55137,"","","",Public,DCAT US 1.1,Monthly,2021-02-23|2021-04-26,,Indexed,published,false,false,"",,2021-04-26 16:54:20 UTC,2023-02-14 18:14:03 UTC
"Wilkin County, Minnesota Open Data","","Website for finding and accessing open data provided by Wilkin County, Minnesota",eng,"","",Minnesota--Wilkin County,,Websites,"",County government records,"","",Continually updated resource,,"",Minnesota--Wilkin County|Minnesota,"-96.79132,46.02153,-96.26465,46.63091","POLYGON((-96.79132 46.63091, -96.26465 46.63091, -96.26465 46.02153, -96.79132 46.02153, -96.79132 46.63091))","","",ba5cc745-21c5-4ae9-954b-72dd8db6815a,"","","","","",ArcGIS Hub,,,false,,,,,,,,,https://hub-wilkinco.hub.arcgis.com,,,,,,,,,,,,05b-27167,https://hub-wilkinco.hub.arcgis.com/api/feed/dcat-us/1.1.json,05b-27167,"","","",Public,DCAT US 1.1,Monthly,2019|2022-10-27,,Indexed,published,false,false,"",,2021-04-26 17:02:54 UTC,2023-02-14 18:14:01 UTC
Wisconsin Rapids Online Map Portal,"","Website for finding and accessing open data provided by the city of Wisconsin Rapids, Wisconsin",eng,"","",Wisconsin--Wisconsin Rapids,,Websites,"",Municipal government records,"","",Continually updated resource,,"",Wisconsin--Wisconsin Rapids|Wisconsin,"-89.8727,44.3488,-89.7458,44.4273","POLYGON((-89.8727 44.4273, -89.7458 44.4273, -89.7458 44.3488, -89.8727 44.3488, -89.8727 44.4273))","","",ba5cc745-21c5-4ae9-954b-72dd8db6815a,"","","","","",ArcGIS Hub,,,false,,,,,,,,,https://rapidsdata-wisconsinrapids.opendata.arcgis.com,,,,,,,,,,,https://www.arcgis.com/sharing/rest/content/items/00e8ad64cfe64034a5326952b321a35c/resources/wisconsin-rapids-logo-lower.png?v=1611983324718,10c-04,https://rapidsdata-wisconsinrapids.opendata.arcgis.com/api/feed/dcat-us/1.1.json,10c-04,"","","",Public,DCAT US 1.1,Monthly,2021-02-01|2022-10-27,,Indexed,published,false,false,"",,2021-04-26 16:54:22 UTC,2023-02-14 18:14:03 UTC
Wood County Open Data Portal,"","Website for finding and accessing open data provided by Wood County, Wisconsin",eng,"","",Wisconsin--Wood County,,Websites,"",County government records,"","",Continually updated resource,,"",Wisconsin--Wood County|Wisconsin,"-89.59812,43.98200,-88.88570,44.24573","POLYGON((-89.59812 44.24573, -88.88570 44.24573, -88.88570 43.98200, -89.59812 43.98200, -89.59812 44.24573))","","",ba5cc745-21c5-4ae9-954b-72dd8db6815a,"","","","","",ArcGIS Hub,,,false,,,,,,,,,https://opendata.woodcogis.com,,,,,,,,,,,,10b-55141,https://opendata.woodcogis.com/api/feed/dcat-us/1.1.json,10b-55141,"","","",Public,DCAT US 1.1,Monthly,2021-02-23|2021-05-27,,Indexed,published,false,false,"",,2021-04-26 16:54:22 UTC,2023-02-14 18:14:03 UTC
Yellow Medicine County Hub,"","Website for finding and accessing open data provided by Yellow Medicine County, Minnesota",eng,"","",Minnesota--Yellow Medicine County,,Websites,"",County government records,"","",Continually updated resource,,"",Minnesota--Yellow Medicine County|Minnesota,"-96.451871,44.541762,-95.360177,44.936039","POLYGON((-96.451871 44.936039, -95.360177 44.936039, -95.360177 44.541762, -96.451871 44.541762, -96.451871 44.936039))","","",ba5cc745-21c5-4ae9-954b-72dd8db6815a,"","","","","",ArcGIS Hub,,,false,,,,,,,,,https://hub-yellowmedicine.hub.arcgis.com,,,,,,,,,,,,05b-27173,https://hub-yellowmedicine.hub.arcgis.com/api/feed/dcat-us/1.1.json,05b-27173,"","","",Public,DCAT US 1.1,Monthly,"",,Indexed,published,false,false,"",,2023-02-02 21:45:28 UTC,2023-02-14 18:14:01 UTC
"York County, PA GIS Open Data Portal","","Website for finding and accessing open data provided by York County, Pennsylvania",eng,"","",Pennsylvania--York County,"",Websites,"",County government records,"","",Continually updated resource,"","",Pennsylvania--York County|Pennsylvania,"-77.13742,39.7198,-76.23869,40.22633","POLYGON((-77.13742 40.22633, -76.23869 40.22633, -76.23869 39.7198, -77.13742 39.7198, -77.13742 40.22633))","","",ba5cc745-21c5-4ae9-954b-72dd8db6815a,"","","","","",ArcGIS Hub,"","",false,,,,,,,,,https://york-county-pa-gis-portal-yorkcountypa.hub.arcgis.com,,,,,,,,,,,https://arcweb.ycpc.org/logo/OpenData_Pictures/YCPC_Logo.png,08b-42133,https://york-county-pa-gis-portal-yorkcountypa.hub.arcgis.com/api/feed/dcat-us/1.1.json,08b-42133,"","","",Public,DCAT US 1.1,Monthly,2019|2022-10-27,1/18/23,Found new site 2023-03-07; Indexed,published,false,false,"","",2021-04-27 18:50:02 UTC,2023-03-08 00:59:17 UTC
